City_ID,City,Country,Date,Lat,Lng,Max Temp,Humidity,Cloudiness,Wind Speed
0,Punta Arenas,CL,2021-09-24 17:10:57,-53.15,-70.9167,286.21,58,75,4.63
1,Atuona,PF,2021-09-24 17:10:58,-9.8,-139.0333,298.58,71,51,7.88
2,Kahului,US,2021-09-24 17:10:58,20.8947,-156.47,296.74,81,20,1.54
3,Aitape,PG,2021-09-24 17:10:59,-3.1374,142.3475,298.46,88,93,2.69
4,Darhan,MN,2021-09-24 17:10:59,49.4867,105.9228,281.01,78,30,2.4
5,Puerto Ayora,EC,2021-09-24 17:10:59,-0.7393,-90.3518,295.35,77,90,4.22
6,Yumen,CN,2021-09-24 17:11:00,40.2833,97.2,293.35,22,2,5.17
7,Hilo,US,2021-09-24 17:11:00,19.7297,-155.09,298.31,73,1,3.6
8,Mandera,KE,2021-09-24 17:11:00,3.9366,41.867,305.68,29,93,6.94
9,Bredasdorp,ZA,2021-09-24 17:11:01,-34.5322,20.0403,287.75,85,44,2.28
10,Roald,NO,2021-09-24 17:11:01,62.5833,6.1333,285.66,87,75,14.4
11,Rikitea,PF,2021-09-24 17:11:01,-23.1203,-134.9692,296.15,80,100,10.45
12,Victoria,HK,2021-09-24 17:08:42,22.2855,114.1577,303.33,80,7,3.13
13,Villa Maria,AR,2021-09-24 17:11:02,-32.4075,-63.2402,296.94,44,0,4.15
14,Mataura,NZ,2021-09-24 17:11:03,-46.1927,168.8643,282.3,82,77,4.91
15,Cayenne,GF,2021-09-24 17:11:03,4.9333,-52.3333,306.17,78,39,2.68
16,Butaritari,KI,2021-09-24 17:11:04,3.0707,172.7902,301.51,74,49,7.03
17,Tikaitnagar,IN,2021-09-24 17:11:04,26.95,81.5833,299.14,88,40,3.01
18,Hobart,AU,2021-09-24 17:09:59,-42.8794,147.3294,276.63,83,75,1.34
19,Usoke,TZ,2021-09-24 17:09:16,-5.1667,32.35,300.85,24,98,1.8
20,Mount Gambier,AU,2021-09-24 17:11:05,-37.8333,140.7667,281.65,56,99,3.71
21,Iqaluit,CA,2021-09-24 17:11:06,63.7506,-68.5145,273.0,80,75,5.36
22,Coihaique,CL,2021-09-24 17:11:06,-45.5752,-72.0662,291.12,52,75,3.6
23,Cape Town,ZA,2021-09-24 17:08:51,-33.9258,18.4232,291.12,69,25,0.45
24,Barrow,US,2021-09-24 17:10:48,71.2906,-156.7887,270.16,80,75,1.54
25,Aykhal,RU,2021-09-24 17:11:07,66.0,111.5,275.1,86,99,0.46
26,Henties Bay,NA,2021-09-24 17:11:07,-22.116,14.2845,286.96,82,5,3.35
27,Port Alfred,ZA,2021-09-24 17:11:08,-33.5906,26.891,289.44,80,93,1.51
28,Clyde River,CA,2021-09-24 17:11:08,70.4692,-68.5914,275.36,58,7,3.41
29,Najran,SA,2021-09-24 17:11:09,17.4924,44.1277,300.84,17,93,2.99
30,Savannah Bight,HN,2021-09-24 17:11:09,16.45,-85.85,304.18,72,69,2.24
31,Ngunguru,NZ,2021-09-24 17:11:09,-35.6167,174.5,281.57,90,18,4.24
32,Te Anau,NZ,2021-09-24 17:11:10,-45.4167,167.7167,283.18,88,100,5.31
33,Tautira,PF,2021-09-24 17:11:10,-17.7333,-149.15,297.16,62,18,4.08
34,Laguna,US,2021-09-24 17:11:10,38.421,-121.4238,305.06,47,1,0.89
35,Rosarito,MX,2021-09-24 17:10:08,32.3333,-117.0333,297.73,68,0,2.92
36,Wattegama,LK,2021-09-24 17:11:11,6.7989,81.4808,298.2,89,73,2.25
37,Kodiak,US,2021-09-24 17:11:11,57.79,-152.4072,275.9,62,1,5.88
38,Dera Bugti,PK,2021-09-24 17:11:11,29.0307,69.151,305.17,40,7,3.52
39,Busselton,AU,2021-09-24 17:11:12,-33.65,115.3333,281.53,76,19,6.6
40,New Norfolk,AU,2021-09-24 17:11:12,-42.7826,147.0587,276.44,75,50,0.89
41,Oulainen,FI,2021-09-24 17:11:13,64.2667,24.8,282.74,78,100,3.31
42,Hasaki,JP,2021-09-24 17:11:13,35.7333,140.8333,294.42,76,100,8.7
43,Wahiawa,US,2021-09-24 17:11:13,21.5028,-158.0236,295.33,93,90,2.57
44,Jamestown,US,2021-09-24 17:08:53,42.097,-79.2353,292.14,42,20,6.71
45,Masagua,GT,2021-09-24 17:11:14,14.2031,-90.8481,306.66,65,93,2.04
46,Cherskiy,RU,2021-09-24 17:11:14,68.75,161.3,270.87,92,99,3.62
47,Mahebourg,MU,2021-09-24 17:11:15,-20.4081,57.7,295.51,76,7,7.22
48,Pevek,RU,2021-09-24 17:11:15,69.7008,170.3133,270.83,79,100,3.86
49,Saint George,US,2021-09-24 17:07:03,37.1041,-113.5841,301.12,20,1,1.34
50,Kampene,CD,2021-09-24 17:11:16,-3.6,26.6667,293.48,96,86,0.94
51,Ushuaia,AR,2021-09-24 17:11:16,-54.8,-68.3,285.94,62,75,5.66
52,Batagay,RU,2021-09-24 17:11:16,67.6333,134.6333,277.47,63,100,1.0
53,Beringovskiy,RU,2021-09-24 17:11:17,63.05,179.3167,273.11,94,100,12.91
54,Vaini,TO,2021-09-24 17:11:17,-21.2,-175.2,293.24,77,20,5.14
55,Pelym,RU,2021-09-24 17:11:18,61.0108,61.9978,278.01,93,83,0.98
56,Tual,ID,2021-09-24 17:11:18,-5.6667,132.75,299.61,82,100,6.19
57,Atambua,ID,2021-09-24 17:11:19,-9.1061,124.8925,295.33,77,94,1.86
58,Zhangjiakou,CN,2021-09-24 17:11:19,40.81,114.8794,288.42,96,93,2.25
59,Bluff,NZ,2021-09-24 17:11:20,-46.6,168.3333,282.48,89,95,8.12
60,Sarangani,PH,2021-09-24 17:11:20,5.4033,125.4636,301.06,79,100,3.9
61,Tasiilaq,GL,2021-09-24 17:11:21,65.6145,-37.6368,277.24,72,91,1.91
62,Bambous Virieux,MU,2021-09-24 17:11:21,-20.3428,57.7575,295.49,77,8,7.19
63,Sibolga,ID,2021-09-24 17:11:21,1.7427,98.7792,298.66,88,94,1.43
64,Castro,BR,2021-09-24 17:11:22,-24.7911,-50.0119,298.54,42,95,2.81
65,Quatre Cocos,MU,2021-09-24 17:11:23,-20.2078,57.7625,295.42,78,9,7.27
66,Karaton,ID,2021-09-24 17:11:23,-6.3424,106.1045,300.9,90,86,0.87
67,Maraa,BR,2021-09-24 17:11:14,-1.8333,-65.3667,304.11,59,100,0.71
68,Faya,SA,2021-09-24 17:11:24,18.3851,42.4509,293.44,62,93,2.07
69,Arraial Do Cabo,BR,2021-09-24 17:11:24,-22.9661,-42.0278,296.07,53,0,10.8
70,Hithadhoo,MV,2021-09-24 17:11:25,-0.6,73.0833,301.34,68,100,5.63
71,Chuy,UY,2021-09-24 17:11:25,-33.6971,-53.4616,290.48,69,0,4.9
72,Ostrovnoy,RU,2021-09-24 17:11:26,68.0531,39.5131,281.83,87,100,9.18
73,Westport,US,2021-09-24 17:11:27,41.1415,-73.3579,296.51,73,90,0.89
74,Lazi,UA,2021-09-24 17:11:27,48.0667,24.2333,280.14,98,87,0.65
75,Chokurdakh,RU,2021-09-24 17:11:27,70.6333,147.9167,273.47,85,99,6.29
76,Albany,US,2021-09-24 17:11:28,42.6001,-73.9662,294.71,64,21,1.77
77,Constitucion,CL,2021-09-24 17:11:28,-35.3333,-72.4167,292.24,57,0,2.76
78,Sao Filipe,CV,2021-09-24 17:11:29,14.8961,-24.4956,299.03,76,56,3.01
79,Sira,IN,2021-09-24 17:11:29,13.7453,76.9092,297.72,76,98,4.61
80,Tiksi,RU,2021-09-24 17:11:30,71.6872,128.8694,273.1,83,100,5.71
81,Wenzhou,CN,2021-09-24 17:11:31,27.9994,120.6668,296.01,85,43,1.21
82,Barkly West,ZA,2021-09-24 17:11:31,-28.5354,24.5215,299.45,16,33,3.35
83,Bonavista,CA,2021-09-24 17:11:31,48.6499,-53.1147,285.99,68,31,7.14
84,Evanston,US,2021-09-24 17:11:32,42.0411,-87.6901,297.6,42,40,3.58
85,Nhulunbuy,AU,2021-09-24 17:11:33,-12.2333,136.7667,294.49,88,7,2.57
86,Awjilah,LY,2021-09-24 17:11:33,29.1081,21.2869,300.9,32,0,4.5
87,Kapaa,US,2021-09-24 17:11:33,22.0752,-159.319,298.33,79,75,7.2
88,Thompson,CA,2021-09-24 17:11:03,55.7435,-97.8558,278.35,93,100,4.52
89,San Patricio,US,2021-09-24 17:11:34,28.017,-97.5169,302.6,41,0,3.77
90,Rudbar,AF,2021-09-24 17:11:35,30.15,62.6,302.47,9,0,1.42
91,Lebu,CL,2021-09-24 17:11:35,-37.6167,-73.65,288.89,67,9,3.92
92,Esperance,AU,2021-09-24 17:11:35,-33.8667,121.9,282.1,81,23,4.52
93,Dikson,RU,2021-09-24 17:11:36,73.5069,80.5464,275.27,82,100,6.7
94,Kamaishi,JP,2021-09-24 17:11:36,39.2667,141.8833,290.55,88,99,3.07
95,Thinadhoo,MV,2021-09-24 17:11:37,0.5333,72.9333,301.06,66,100,6.28
96,Bissau,GW,2021-09-24 17:11:37,11.8636,-15.5977,300.83,78,98,0.78
97,Faanui,PF,2021-09-24 17:11:38,-16.4833,-151.75,297.78,64,49,2.66
98,Salalah,OM,2021-09-24 17:11:38,17.0151,54.0924,301.2,83,75,2.57
99,Anadyr,RU,2021-09-24 17:11:38,64.75,177.4833,269.82,79,52,4.92
100,Langenburg,DE,2021-09-24 17:11:39,49.2544,9.8458,292.54,57,0,2.57
101,Abu Samrah,SY,2021-09-24 17:11:39,35.3029,37.1841,294.85,34,68,5.29
102,Georgetown,MY,2021-09-24 17:08:02,5.4112,100.3354,301.42,86,20,0.0
103,Bitung,ID,2021-09-24 17:11:40,1.4451,125.1824,297.62,87,93,4.03
104,Yellowknife,CA,2021-09-24 17:11:40,62.456,-114.3525,280.05,97,100,3.13
105,Lompoc,US,2021-09-24 17:11:41,34.6391,-120.4579,301.0,89,90,1.54
106,Mar Del Plata,AR,2021-09-24 17:11:41,-38.0023,-57.5575,286.0,1,6,5.36
107,Amahai,ID,2021-09-24 17:11:42,-3.3333,128.9167,297.72,89,100,1.05
108,Svetlogorsk,BY,2021-09-24 17:11:42,52.6333,29.7333,281.84,97,99,2.34
109,Narsaq,GL,2021-09-24 17:11:43,60.9167,-46.05,276.27,39,1,1.01
110,Inhambane,MZ,2021-09-24 17:11:43,-23.865,35.3833,293.79,65,0,4.0
111,Yuncheng,CN,2021-09-24 17:11:44,35.0231,110.9928,293.24,97,100,1.3
112,Awbari,LY,2021-09-24 17:11:44,26.5921,12.7805,306.39,12,0,4.43
113,Ulladulla,AU,2021-09-24 17:11:44,-35.35,150.4667,287.64,60,0,2.08
114,Maldonado,UY,2021-09-24 17:11:45,-34.6667,-54.9167,287.81,65,23,4.85
115,Ust-Kut,RU,2021-09-24 17:11:45,56.7938,105.7672,277.51,97,100,1.08
116,Hermanus,ZA,2021-09-24 17:11:45,-34.4187,19.2345,288.04,85,22,1.43
117,Kosh-Agach,RU,2021-09-24 17:11:46,50.0,88.6667,268.79,80,73,2.42
118,Yar-Sale,RU,2021-09-24 17:11:46,66.8333,70.8333,276.65,90,100,2.11
119,Banda Aceh,ID,2021-09-24 17:11:46,5.5577,95.3222,299.86,81,26,3.42
120,Dunedin,NZ,2021-09-24 17:11:47,-45.8742,170.5036,288.04,52,63,7.06
121,Quakenbruck,DE,2021-09-24 17:11:47,52.6833,7.95,292.43,80,58,5.66
122,Suntar,RU,2021-09-24 17:11:48,62.1444,117.6319,274.35,95,23,0.32
123,Alta Floresta,BR,2021-09-24 17:11:48,-9.8756,-56.0861,311.77,21,56,2.84
124,Qaanaaq,GL,2021-09-24 17:11:48,77.484,-69.3632,264.83,70,18,2.6
125,Anchorage,US,2021-09-24 17:11:49,61.2181,-149.9003,275.23,94,90,0.0
126,Norman Wells,CA,2021-09-24 17:11:49,65.282,-126.8329,275.48,93,100,1.59
127,Tuktoyaktuk,CA,2021-09-24 17:11:49,69.4541,-133.0374,273.31,79,100,8.04
128,Isangel,VU,2021-09-24 17:11:50,-19.55,169.2667,294.13,81,100,3.79
129,Aksarka,RU,2021-09-24 17:11:50,66.5606,67.7975,275.78,79,15,1.19
130,Jinchang,CN,2021-09-24 17:11:50,38.4953,102.1739,293.1,56,100,2.15
131,Vestmanna,FO,2021-09-24 17:11:51,62.1564,-7.1664,280.66,81,90,5.14
132,Zyryanka,RU,2021-09-24 17:11:51,65.75,150.85,273.25,91,100,0.99
133,Pudozh,RU,2021-09-24 17:11:52,61.8099,36.5345,282.0,93,97,3.56
134,Bereda,ES,2021-09-24 17:11:52,43.2686,-7.5406,293.94,88,37,1.64
135,Nome,US,2021-09-24 17:07:51,64.5011,-165.4064,273.19,65,90,3.6
136,Fomboni,KM,2021-09-24 17:11:53,-12.28,43.7425,297.98,78,0,3.28
137,Avarua,CK,2021-09-24 17:11:53,-21.2078,-159.775,290.18,94,58,0.51
138,Vila Velha,BR,2021-09-24 17:11:53,-20.3297,-40.2925,297.57,52,20,4.63
139,Santa Maria Del Oro,MX,2021-09-24 17:11:54,25.9333,-105.3667,296.09,53,18,0.31
140,Longyearbyen,SJ,2021-09-24 17:11:54,78.2186,15.6401,281.06,71,75,4.63
141,Amazar,RU,2021-09-24 17:11:55,53.858,120.875,276.95,93,62,1.31
142,Grand Gaube,MU,2021-09-24 17:11:55,-20.0064,57.6608,295.58,74,0,3.58
143,Talnakh,RU,2021-09-24 17:11:55,69.4865,88.3972,273.9,77,0,2.08
144,Kunda,IN,2021-09-24 17:11:56,25.7167,81.5167,299.65,85,96,2.35
145,Provideniya,RU,2021-09-24 17:11:56,64.3833,-173.3,274.12,93,100,8.56
146,Paita,PE,2021-09-24 17:11:57,-5.0892,-81.1144,295.43,69,20,5.14
147,Los Llanos De Aridane,ES,2021-09-24 17:11:57,28.6585,-17.9182,295.01,83,75,3.09
148,Pitimbu,BR,2021-09-24 17:11:58,-7.4706,-34.8086,300.48,67,36,7.61
149,Flinders,AU,2021-09-24 17:11:58,-34.5833,150.8552,289.15,63,0,1.34
150,Maningrida,AU,2021-09-24 17:11:58,-12.0667,134.2667,295.9,79,22,3.24
151,Vao,NC,2021-09-24 17:11:58,-22.6667,167.4833,293.5,62,100,5.17
152,Pacific Grove,US,2021-09-24 17:11:59,36.6177,-121.9166,298.5,93,90,0.45
153,Sao Miguel Do Araguaia,BR,2021-09-24 17:11:59,-13.275,-50.1628,314.18,14,53,2.48
154,Saint-Augustin,CA,2021-09-24 17:12:00,51.226,-58.6502,285.62,59,56,4.49
155,Saint-Philippe,RE,2021-09-24 17:12:00,-21.3585,55.7679,294.92,82,46,5.96
156,Teacapan,MX,2021-09-24 17:12:00,22.55,-105.75,303.57,67,5,0.42
157,Sao Gabriel Da Cachoeira,BR,2021-09-24 17:12:01,-0.1303,-67.0892,302.72,68,98,1.7
158,Sal Rei,CV,2021-09-24 17:12:01,16.1833,-22.9167,301.26,65,75,7.2
159,Fairbanks,US,2021-09-24 17:12:02,64.8378,-147.7164,273.48,91,90,3.6
160,Bom Jardim,BR,2021-09-24 17:12:02,-7.7958,-35.5872,302.51,46,92,6.29
161,Kaitangata,NZ,2021-09-24 17:12:03,-46.2817,169.8464,283.77,68,77,5.86
162,Santa Cruz Naranjo,GT,2021-09-24 17:12:03,14.3881,-90.3697,299.79,61,85,0.59
163,Port Elizabeth,ZA,2021-09-24 17:09:37,-33.918,25.5701,288.2,85,74,1.57
164,Sitka,US,2021-09-24 17:12:04,57.0531,-135.33,285.09,76,75,3.09
165,Marzuq,YE,2021-09-24 17:12:04,14.4,46.4667,299.36,49,79,2.89
166,Ygatimi,PY,2021-09-24 17:12:04,-24.0833,-55.5,306.48,29,57,2.16
167,Nha Trang,VN,2021-09-24 17:12:05,12.25,109.1833,298.15,89,100,1.84
168,Koumac,NC,2021-09-24 17:12:05,-20.5667,164.2833,293.42,73,100,2.6
169,Kavaratti,IN,2021-09-24 17:12:06,10.5669,72.642,301.04,77,34,5.73
170,Port Lincoln,AU,2021-09-24 17:12:06,-34.7333,135.8667,284.61,67,100,4.67
171,Itoman,JP,2021-09-24 17:12:07,26.1247,127.6694,300.16,77,20,4.63
172,Luanda,AO,2021-09-24 17:07:30,-8.8368,13.2343,296.99,80,76,5.08
173,Azua,DO,2021-09-24 17:12:07,18.4532,-70.7349,304.59,55,49,3.29
174,Grindavik,IS,2021-09-24 17:12:07,63.8424,-22.4338,281.41,66,75,4.63
175,Maputi,PH,2021-09-24 17:12:08,8.4497,124.2906,298.57,80,100,0.69
176,Estelle,US,2021-09-24 17:12:08,29.8458,-90.1067,298.74,52,1,2.06
177,Cidreira,BR,2021-09-24 17:11:14,-30.1811,-50.2056,291.81,75,85,4.59
178,Hongjiang,CN,2021-09-24 17:12:09,27.11,109.9956,297.88,79,0,1.48
179,Ancud,CL,2021-09-24 17:12:09,-41.8697,-73.8203,289.89,84,100,3.3
180,Ocos,GT,2021-09-24 17:12:09,14.5094,-92.1933,304.66,73,100,1.94
181,Inirida,CO,2021-09-24 17:12:10,3.8653,-67.9239,298.54,89,99,1.5
182,Fukue,JP,2021-09-24 17:12:10,32.6881,128.8419,296.55,75,2,6.0
183,Mitsamiouli,KM,2021-09-24 17:12:10,-11.3847,43.2844,298.08,77,16,1.46
184,Felanitx,ES,2021-09-24 17:12:11,39.4696,3.1483,301.44,80,99,3.83
185,Pucallpa,PE,2021-09-24 17:12:11,-8.3791,-74.5539,308.9,36,71,1.29
186,Abha,SA,2021-09-24 17:07:13,18.2164,42.5053,293.29,60,20,1.54
187,Moron,AR,2021-09-24 17:11:03,-34.6534,-58.6198,294.83,49,0,2.68
188,Ntchisi,MW,2021-09-24 17:12:12,-13.5278,33.9149,290.88,51,26,1.95
189,Jacareacanga,BR,2021-09-24 17:12:12,-6.2222,-57.7528,312.6,28,59,1.26
190,Leh,IN,2021-09-24 17:12:12,34.1667,77.5833,287.31,32,40,2.31
191,Umm Lajj,SA,2021-09-24 17:12:13,25.0213,37.2685,302.39,63,5,5.13
192,Ahipara,NZ,2021-09-24 17:12:13,-35.1667,173.1667,284.34,86,11,2.45
193,Vung Tau,VN,2021-09-24 17:12:14,10.346,107.0843,298.57,86,100,1.44
194,East London,ZA,2021-09-24 17:12:14,-33.0153,27.9116,291.1,68,95,0.97
195,Pergamino,AR,2021-09-24 17:12:14,-33.89,-60.5736,297.73,43,3,2.98
196,Pestretsy,RU,2021-09-24 17:12:15,55.7531,49.6545,281.23,91,100,6.97
197,Usinsk,RU,2021-09-24 17:12:15,65.9939,57.5281,277.83,88,68,3.6
198,Lishu,CN,2021-09-24 17:12:15,43.3047,124.3278,287.53,87,49,1.75
199,Zhigansk,RU,2021-09-24 17:12:15,66.7697,123.3711,276.29,68,100,7.28
200,Sao Joao Da Barra,BR,2021-09-24 17:12:16,-21.6403,-41.0511,298.2,61,27,7.48
201,Sesheke,ZM,2021-09-24 17:12:16,-17.4759,24.2968,299.75,16,0,3.06
202,Jining,CN,2021-09-24 17:12:17,35.405,116.5814,296.48,1,100,7.36
203,Aurad,IN,2021-09-24 17:12:17,18.25,77.4333,296.74,89,100,2.07
204,Hirara,JP,2021-09-24 17:12:17,24.8,125.2833,301.54,70,12,7.26
205,Beloha,MG,2021-09-24 17:12:18,-25.1667,45.05,296.65,65,0,5.38
206,Gat,IL,2021-09-24 17:12:18,31.61,34.7642,297.53,100,35,3.13
207,Codrington,AU,2021-09-24 17:12:18,-38.2667,141.9667,282.05,56,100,7.24
208,Khatanga,RU,2021-09-24 17:12:19,71.9667,102.5,272.8,89,77,2.41
209,Vila Franca Do Campo,PT,2021-09-24 17:12:19,37.7167,-25.4333,295.38,61,55,2.26
210,Ola,RU,2021-09-24 17:12:19,59.5833,151.2833,279.97,73,6,1.62
211,Dingle,PH,2021-09-24 17:12:20,10.9995,122.6711,297.98,90,40,2.45
212,Drexel Heights,US,2021-09-24 17:12:20,32.1412,-111.0284,302.64,43,1,0.45
213,Atar,MR,2021-09-24 17:12:20,20.5169,-13.0499,312.69,12,25,4.62
214,Newcastleton,GB,2021-09-24 17:12:21,55.1796,-2.8127,291.08,87,80,6.52
215,Saskylakh,RU,2021-09-24 17:12:21,71.9167,114.0833,273.79,91,100,3.98
216,Rexburg,US,2021-09-24 17:12:21,43.826,-111.7897,289.74,50,1,0.0
217,Kloulklubed,PW,2021-09-24 17:12:22,7.0419,134.2556,299.43,77,83,5.79
218,Stabat,ID,2021-09-24 17:12:22,3.761,98.4513,300.26,95,49,1.23
219,Saldanha,ZA,2021-09-24 17:12:23,-33.0117,17.9442,287.6,87,57,4.24
220,Aksu,CN,2021-09-24 17:12:23,41.1231,80.2644,294.89,24,4,2.44
221,Port Hardy,CA,2021-09-24 17:12:23,50.6996,-127.4199,285.81,74,56,0.28
222,Hofn,IS,2021-09-24 17:12:23,64.2539,-15.2082,279.16,61,90,6.17
223,Alyangula,AU,2021-09-24 17:12:24,-13.8483,136.4192,295.67,79,4,3.37
224,Richards Bay,ZA,2021-09-24 17:12:24,-28.783,32.0377,292.83,86,72,2.76
225,Port Moresby,PG,2021-09-24 17:12:13,-9.4431,147.1797,297.19,93,67,0.83
226,Camopi,GF,2021-09-24 17:12:25,3.1655,-52.3158,307.43,40,89,0.71
227,Bac Lieu,VN,2021-09-24 17:12:25,9.285,105.7244,298.91,87,100,2.98
228,Pundaguitan,PH,2021-09-24 17:12:26,6.3711,126.1689,301.41,73,100,2.79
229,Tura,IN,2021-09-24 17:12:26,25.5198,90.2201,297.76,87,2,1.22
230,Kampot,KH,2021-09-24 17:12:26,10.6167,104.1833,299.18,84,100,2.71
231,Braganca,BR,2021-09-24 17:12:27,-1.0536,-46.7656,305.47,47,47,3.71
232,Shimoda,JP,2021-09-24 17:12:27,34.6667,138.95,295.43,81,100,5.22
233,Petrovsk-Zabaykalskiy,RU,2021-09-24 17:12:27,51.273,108.843,277.6,90,77,0.97
234,Touros,BR,2021-09-24 17:12:28,-5.1989,-35.4608,303.65,60,21,8.69
235,Alofi,NU,2021-09-24 17:11:19,-19.0595,-169.9187,297.1,70,12,3.66
236,Labuhan,ID,2021-09-24 17:12:28,-6.8844,112.2051,299.76,78,71,3.62
237,Wells,GB,2021-09-24 17:12:28,51.2079,-2.649,294.9,83,40,3.66
238,Igrim,RU,2021-09-24 17:12:29,63.1906,64.4162,276.9,75,8,1.44
239,Mahabad,IR,2021-09-24 17:12:29,36.7631,45.7222,293.33,40,0,7.69
240,Asyut,EG,2021-09-24 17:10:14,27.181,31.1837,302.82,34,0,6.19
241,Celestun,MX,2021-09-24 17:12:30,20.8667,-90.4,301.94,64,99,2.47
242,Naze,JP,2021-09-24 17:12:30,28.3667,129.4833,298.28,66,20,4.98
243,Upernavik,GL,2021-09-24 17:12:30,72.7868,-56.1549,269.75,85,100,2.22
244,Margate,GB,2021-09-24 17:12:31,51.3813,1.3862,295.2,74,0,4.27
245,Filotas,GR,2021-09-24 17:12:31,40.6333,21.7,290.98,27,50,0.8
246,Torbay,CA,2021-09-24 17:12:32,47.6666,-52.7314,286.64,75,42,2.68
247,Pangnirtung,CA,2021-09-24 17:11:17,66.1451,-65.7125,275.02,45,4,1.89
248,Souillac,MU,2021-09-24 17:12:33,-20.5167,57.5167,295.57,77,11,6.78
249,Rajampet,IN,2021-09-24 17:12:33,14.1833,79.1667,302.7,66,100,0.39
250,Khovu-Aksy,RU,2021-09-24 17:12:33,51.1333,93.6,274.16,81,96,2.66
251,Madison,US,2021-09-24 17:09:58,34.7334,-86.5667,295.75,50,1,0.45
252,Malanje,AO,2021-09-24 17:12:34,-9.5402,16.341,299.3,35,87,2.23
253,Goya,AR,2021-09-24 17:12:35,-29.14,-59.2626,298.54,31,0,3.21
254,Ahlat,TR,2021-09-24 17:12:35,38.7518,42.4814,285.06,76,45,2.1
255,Neuruppin,DE,2021-09-24 17:12:35,52.9282,12.8031,290.42,84,96,4.97
256,Praia Da Vitoria,PT,2021-09-24 17:12:36,38.7333,-27.0667,297.46,67,63,5.47
257,Lavrentiya,RU,2021-09-24 17:12:36,65.5833,-171.0,273.09,93,100,10.12
258,Lima,PE,2021-09-24 17:09:01,-12.0432,-77.0282,292.81,93,40,0.89
259,Ribeira Grande,PT,2021-09-24 17:12:37,38.5167,-28.7,295.37,78,40,8.23
260,Severo-Kurilsk,RU,2021-09-24 17:12:37,50.6789,156.125,282.14,93,100,12.87
261,Les Cayes,HT,2021-09-24 17:12:37,18.2,-73.75,304.19,62,84,4.93
262,Trujillo,PE,2021-09-24 17:09:57,-8.116,-79.03,294.49,71,43,4.09
263,Kavieng,PG,2021-09-24 17:12:38,-2.5744,150.7967,301.03,76,56,6.19
264,Camacari,BR,2021-09-24 17:12:38,-12.6975,-38.3242,299.02,68,89,4.99
265,Carnarvon,AU,2021-09-24 17:12:38,-24.8667,113.6333,292.19,82,75,7.2
266,Basco,PH,2021-09-24 17:12:39,20.4487,121.9702,301.94,77,8,8.39
267,Marawi,PH,2021-09-24 17:12:39,7.9986,124.2928,294.07,95,96,0.05
268,Nelson Bay,AU,2021-09-24 17:12:40,-32.7167,152.15,288.2,74,0,4.71
269,Kholtoson,RU,2021-09-24 17:12:40,50.2981,103.3097,278.28,88,60,1.71
270,Methoni,GR,2021-09-24 17:12:40,36.8197,21.7049,296.6,64,20,5.54
271,Troitsko-Pechorsk,RU,2021-09-24 17:12:41,62.7084,56.1964,277.47,92,90,2.15
272,Andenes,NO,2021-09-24 17:12:41,69.3143,16.1194,281.14,76,40,5.14
273,Vardo,NO,2021-09-24 17:12:41,70.3705,31.1107,282.26,81,75,7.72
274,Berlevag,NO,2021-09-24 17:12:42,70.8578,29.0864,282.15,86,69,8.28
275,Karwar,IN,2021-09-24 17:12:42,14.8,74.1333,298.61,87,98,1.83
276,Costa Rica,BR,2021-09-24 17:12:43,-23.4167,-54.65,304.84,30,100,2.05
277,Noumea,NC,2021-09-24 17:12:43,-22.2763,166.4572,289.14,74,100,3.78
278,Chingirlau,KZ,2021-09-24 17:12:44,51.095,54.0814,289.98,21,100,9.55
279,Leningradskiy,RU,2021-09-24 17:12:44,69.3833,178.4167,267.87,87,100,4.99
280,Hambantota,LK,2021-09-24 17:12:45,6.1241,81.1185,300.09,84,96,7.61
281,Kaeo,NZ,2021-09-24 17:12:45,-35.1,173.7833,281.66,95,18,1.64
282,San Lawrenz,MT,2021-09-24 17:12:46,36.0553,14.204,300.29,75,23,0.45
283,Kawalu,ID,2021-09-24 17:12:46,-7.3817,108.2082,295.77,97,95,0.56
284,Teya,RU,2021-09-24 17:12:46,60.3778,92.6267,272.9,99,100,0.96
285,Mount Isa,AU,2021-09-24 17:12:46,-20.7333,139.5,286.02,33,0,0.0
286,Luangwa,ZM,2021-09-24 17:12:47,-15.6167,30.4167,297.53,45,0,1.44
287,Rawson,AR,2021-09-24 17:10:52,-43.3002,-65.1023,298.79,20,1,11.47
288,Gullane,GB,2021-09-24 17:12:47,56.0354,-2.8295,291.56,80,54,9.03
289,Skelleftea,SE,2021-09-24 17:12:48,64.7507,20.9528,280.93,69,75,0.45
290,Vila,PT,2021-09-24 17:12:48,42.0304,-8.1588,288.33,47,47,2.29
291,Petropavlovsk-Kamchatskiy,RU,2021-09-24 17:12:49,53.0452,158.6483,278.78,88,78,1.22
292,El Carmen,CO,2021-09-24 17:12:49,8.5106,-73.4478,296.23,91,98,1.03
293,Tangwani,PK,2021-09-24 17:12:49,28.2787,68.9972,303.11,38,0,2.47
294,Ilulissat,GL,2021-09-24 17:12:49,69.2167,-51.1,271.16,46,20,1.54
295,Villa Carlos Paz,AR,2021-09-24 17:12:50,-31.4241,-64.4978,298.74,36,0,6.71
296,Guerrero Negro,MX,2021-09-24 17:12:50,27.9769,-114.0611,297.52,64,97,5.2
297,Pontes E Lacerda,BR,2021-09-24 17:12:51,-15.2261,-59.3353,312.86,19,4,3.28
298,Guerrero,MX,2021-09-24 17:12:51,17.6667,-100.0,298.19,70,72,1.82
299,Rauma,FI,2021-09-24 17:12:51,61.1272,21.5113,281.17,91,100,3.96
300,Gogrial,SS,2021-09-24 17:12:52,8.5332,28.1004,300.07,69,50,0.89
301,Norton,ZW,2021-09-24 17:12:52,-17.8833,30.7,295.53,18,2,4.21
302,Gambela,ET,2021-09-24 17:12:52,8.25,34.5833,295.69,92,97,1.86
303,Miandrivazo,MG,2021-09-24 17:12:53,-19.5167,45.4667,298.69,66,25,1.93
304,Mbengwi,CM,2021-09-24 17:12:53,6.0167,10.0,291.36,95,100,1.47
305,Trincomalee,LK,2021-09-24 17:12:53,8.5711,81.2335,299.08,86,89,3.06
306,Belyy Yar,RU,2021-09-24 17:12:54,53.6039,91.3903,277.09,81,0,3.0
307,Bilibino,RU,2021-09-24 17:12:54,68.0546,166.4372,267.48,96,100,0.48
308,Egvekinot,RU,2021-09-24 17:12:55,66.3167,-179.1667,266.18,83,61,6.2
309,Airai,TL,2021-09-24 17:12:55,-8.9266,125.4092,288.47,76,94,0.33
310,Saint-Francois,FR,2021-09-24 17:12:56,46.4154,3.9054,295.84,62,0,2.06
311,Buchanan,LR,2021-09-24 17:12:56,5.8808,-10.0467,300.83,72,66,4.03
312,Baker City,US,2021-09-24 17:12:56,44.7749,-117.8344,294.06,55,1,0.0
313,Klaksvik,FO,2021-09-24 17:12:57,62.2266,-6.589,281.66,71,93,8.01
314,Hovd,MN,2021-09-24 17:12:57,48.0056,91.6419,278.27,58,53,1.27
315,Pangody,RU,2021-09-24 17:12:58,65.85,74.4859,273.73,83,12,3.51
316,Beihai,CN,2021-09-24 17:12:58,21.4833,109.1,300.95,83,100,5.73
317,Yanji,CN,2021-09-24 17:12:59,42.9075,129.5078,283.52,96,91,0.79
318,Quirinopolis,BR,2021-09-24 17:12:59,-18.4483,-50.4517,311.67,17,3,1.4
319,Raymond,US,2021-09-24 17:08:05,43.9015,-70.4703,296.61,90,99,5.18
320,Kaduna,NG,2021-09-24 17:12:59,10.5222,7.4383,299.18,70,43,1.23
321,Bambanglipuro,ID,2021-09-24 17:13:00,-7.95,110.2833,298.41,86,65,4.1
322,Humberto De Campos,BR,2021-09-24 17:13:00,-2.5983,-43.4611,305.89,46,21,5.5
323,Stornoway,GB,2021-09-24 17:13:01,58.2093,-6.3865,287.13,77,75,4.12
324,Sakakah,SA,2021-09-24 17:13:01,29.9697,40.2064,301.76,26,0,2.45
325,Manado,ID,2021-09-24 17:13:02,1.487,124.8455,297.58,94,40,0.51
326,Lokoja,NG,2021-09-24 17:13:02,7.8024,6.743,299.13,82,98,1.56
327,Murgab,TM,2021-09-24 17:13:03,37.4966,61.9714,298.08,33,0,2.06
328,Cabedelo,BR,2021-09-24 17:13:03,-6.9811,-34.8339,300.52,67,28,7.7
329,Bethel,US,2021-09-24 17:13:04,41.3712,-73.414,295.38,60,1,0.89
330,Saint-Leu,RE,2021-09-24 17:13:04,-21.15,55.2833,294.63,78,39,2.59
331,Tafalla,ES,2021-09-24 17:13:05,42.5269,-1.6745,298.34,48,68,4.45
332,Ciudad Bolivar,VE,2021-09-24 17:13:06,8.1222,-63.5497,306.36,50,44,2.13
333,Quang Ngai,VN,2021-09-24 17:12:55,15.1167,108.8,297.54,87,100,1.79
334,Mariinsk,RU,2021-09-24 17:13:06,56.2139,87.7472,274.57,93,100,4.89
335,Lasem,ID,2021-09-24 17:13:06,-6.6922,111.4527,299.62,78,37,3.04
336,Broome,US,2021-09-24 17:13:07,42.2506,-75.833,291.38,64,75,1.34
337,Conceicao Da Barra,BR,2021-09-24 17:13:07,-18.5933,-39.7322,297.31,55,62,4.21
338,Conde,BR,2021-09-24 17:12:55,-7.2597,-34.9075,299.85,74,75,7.2
339,Asau,RO,2021-09-24 17:13:08,46.4333,26.4,286.66,78,100,2.62
340,Fougeres,FR,2021-09-24 17:13:08,48.35,-1.2,296.07,48,0,2.63
341,Wau,SS,2021-09-24 17:13:09,7.7029,27.9953,299.79,70,80,1.37
342,Dronten,NL,2021-09-24 17:13:09,52.5,5.7167,293.29,76,13,5.06
343,Haines Junction,CA,2021-09-24 17:13:09,60.7522,-137.5108,276.51,96,73,3.79
344,Nizwa,OM,2021-09-24 17:13:10,22.9333,57.5333,306.66,32,100,3.35
345,San Ramon,US,2021-09-24 17:09:30,37.7799,-121.978,301.51,50,1,0.45
346,Luderitz,NA,2021-09-24 17:13:10,-26.6481,15.1594,290.46,67,15,7.75
347,Santa Marta,CO,2021-09-24 17:11:26,11.2408,-74.199,301.46,78,58,3.38
348,Norfolk,US,2021-09-24 17:13:11,42.1668,-71.2495,298.48,90,90,1.79
349,Ko Samui,TH,2021-09-24 17:13:11,9.5357,99.9357,301.69,72,100,6.63
350,Filiatra,GR,2021-09-24 17:13:11,37.15,21.5833,296.31,63,4,4.07
351,Burevestnik,RU,2021-09-24 17:13:12,56.144,43.7883,282.01,87,20,2.0
352,Port Macquarie,AU,2021-09-24 17:13:12,-31.4333,152.9167,284.47,56,0,3.18
353,Sao Felix Do Xingu,BR,2021-09-24 17:13:12,-6.6447,-51.995,312.03,21,84,2.76
354,Olavarria,AR,2021-09-24 17:13:13,-36.8927,-60.3225,292.05,60,3,3.55
355,Turukhansk,RU,2021-09-24 17:13:13,65.8167,87.9833,271.92,88,26,4.11
356,San Andres,CO,2021-09-24 17:09:12,12.5847,-81.7006,302.16,79,75,4.12
357,Cabo San Lucas,MX,2021-09-24 17:13:13,22.8909,-109.9124,306.27,63,4,1.47
358,Vila Do Maio,CV,2021-09-24 17:13:14,15.1333,-23.2167,301.59,74,100,4.95
359,Totoro,CO,2021-09-24 17:13:14,2.512,-76.4012,288.95,68,96,2.11
360,Kilindoni,TZ,2021-09-24 17:13:14,-7.9139,39.6668,298.33,78,1,6.9
361,Gubbi,IN,2021-09-24 17:13:15,13.3106,76.9444,296.77,80,100,3.19
362,Serebryansk,KZ,2021-09-24 17:13:15,49.6925,83.2892,271.94,93,23,2.32
363,Nuevo Progreso,MX,2021-09-24 17:13:15,23.1667,-97.95,303.41,43,7,1.34
364,Hammerfest,NO,2021-09-24 17:13:15,70.6634,23.6821,282.4,66,75,3.09
365,Sao Sebastiao,BR,2021-09-24 17:13:16,-23.76,-45.4097,297.0,58,53,1.09
366,Buraydah,SA,2021-09-24 17:08:23,26.326,43.975,306.12,12,0,2.42
367,Culaman,PH,2021-09-24 17:13:16,5.9603,125.6586,300.58,77,100,0.95
368,Lazaro Cardenas,MX,2021-09-24 17:13:17,17.9583,-102.2,302.66,74,27,0.77
369,Tarko-Sale,RU,2021-09-24 17:13:17,64.9225,77.785,273.69,71,17,4.99
370,Biltine,TD,2021-09-24 17:13:17,14.5333,20.9167,307.76,18,98,1.14
371,Bhunya,SZ,2021-09-24 17:13:18,-26.55,31.0167,292.15,41,79,0.8
372,Shelburne,CA,2021-09-24 17:13:18,44.0787,-80.2041,287.18,85,99,7.21
373,North Bend,US,2021-09-24 17:13:18,43.4065,-124.2243,295.33,64,1,0.0
374,Waipawa,NZ,2021-09-24 17:13:18,-41.4122,175.5153,284.83,75,6,7.29
375,Adrar,MR,2021-09-24 17:13:19,20.5022,-10.0711,311.55,11,86,2.67
376,Taguatinga,BR,2021-09-24 17:13:19,-12.3857,-46.5711,311.25,18,36,1.87
377,Marrakesh,MA,2021-09-24 17:13:19,31.6315,-8.0083,300.19,47,40,4.63
378,Fortuna,US,2021-09-24 17:13:20,40.5982,-124.1573,297.55,55,1,4.12
379,Dukat,RU,2021-09-24 17:13:20,62.55,155.55,273.49,83,68,1.29
380,Algiers,DZ,2021-09-24 17:11:54,36.7525,3.042,299.05,78,43,3.6
381,Nikolskoye,RU,2021-09-24 17:13:21,59.7035,30.7861,283.08,87,100,2.86
382,Chase,CA,2021-09-24 17:13:21,50.8165,-119.6857,291.7,50,59,1.52
383,Khani,GE,2021-09-24 17:13:22,41.9563,42.9566,282.91,92,81,1.38
384,Komsomolskiy,UZ,2021-09-24 17:13:22,40.4272,71.7189,291.83,20,0,1.06
385,Loudi,CN,2021-09-24 17:13:22,27.7344,111.9944,299.7,61,0,0.75
386,La Palma,US,2021-09-24 17:13:23,33.8464,-118.0467,302.66,80,40,0.0
387,Saint-Pierre,RE,2021-09-24 17:13:23,-21.3393,55.4781,294.97,75,0,4.63
388,Nantucket,US,2021-09-24 17:13:23,41.2835,-70.0995,298.69,85,90,5.66
389,Izhma,RU,2021-09-24 17:13:24,65.0083,53.9113,279.17,83,87,3.12
390,Farafangana,MG,2021-09-24 17:13:24,-22.8167,47.8333,294.6,84,2,4.05
391,Dassun,PH,2021-09-24 17:13:24,17.7204,121.6816,297.0,91,46,1.14
392,Begoro,GH,2021-09-24 17:13:25,6.3871,-0.3774,297.12,90,74,1.25
393,Nyurba,RU,2021-09-24 17:13:25,63.2842,118.3319,274.01,90,26,1.5
394,Lorengau,PG,2021-09-24 17:13:26,-2.0226,147.2712,300.57,76,13,3.56
395,Tromso,NO,2021-09-24 17:13:26,69.6496,18.957,280.51,76,75,1.54
396,Salekhard,RU,2021-09-24 17:13:26,66.53,66.6019,275.69,75,18,0.46
397,Auki,SB,2021-09-24 17:13:27,-8.7676,160.7034,297.8,88,70,1.77
398,Bilma,NE,2021-09-24 17:13:27,18.6853,12.9164,308.16,9,32,2.26
399,Sai Buri,TH,2021-09-24 17:13:28,6.7013,101.6168,299.06,83,99,0.8
400,Izumo,JP,2021-09-24 17:13:28,35.3667,132.7667,292.23,90,17,3.9
401,Dourbali,TD,2021-09-24 17:13:29,11.8091,15.8632,304.15,42,77,2.31
402,Nabire,ID,2021-09-24 17:13:29,-3.3667,135.4833,297.31,90,100,2.0
403,Kangaatsiaq,GL,2021-09-24 17:13:29,68.3065,-53.4641,271.2,75,51,1.52
404,Bengkulu,ID,2021-09-24 17:13:30,-3.8004,102.2655,297.84,89,96,1.97
405,Hervey Bay,AU,2021-09-24 17:13:30,-25.2986,152.8535,292.05,74,0,5.57
406,Bandarbeyla,SO,2021-09-24 17:13:30,9.4942,50.8122,301.5,59,100,9.8
407,Dornbirn,AT,2021-09-24 17:13:24,47.4167,9.7331,292.25,48,0,0.64
408,Bure,ET,2021-09-24 17:13:31,10.7,37.0667,286.48,97,91,1.79
409,Chihuahua,MX,2021-09-24 17:11:02,28.5,-106.0,295.86,54,50,1.49
410,Jalu,LY,2021-09-24 17:13:31,29.0331,21.5482,300.98,32,0,4.85
411,Aloleng,PH,2021-09-24 17:13:32,16.1307,119.7824,300.56,79,61,1.45
412,Caaguazu,PY,2021-09-24 17:13:32,-25.45,-56.0167,301.21,27,1,3.07
413,Katsuura,JP,2021-09-24 17:13:32,35.1333,140.3,297.65,74,100,7.07
414,Jambi,ID,2021-09-24 17:13:33,-1.6,103.6167,296.53,97,73,0.56
415,Chifeng,CN,2021-09-24 17:13:33,42.2683,118.9636,288.85,95,100,1.49
416,Nirgua,VE,2021-09-24 17:13:33,10.1553,-68.5663,302.03,51,79,3.25
417,Ammapettai,IN,2021-09-24 17:13:34,10.8,79.3333,299.53,72,97,3.04
418,Petatlan,MX,2021-09-24 17:13:34,17.5167,-101.2667,303.85,67,45,1.82
419,Tuatapere,NZ,2021-09-24 17:13:35,-46.1333,167.6833,282.49,88,97,4.61
420,Hami,CN,2021-09-24 17:13:35,42.8,93.45,292.84,33,73,7.64
421,Kaifeng,CN,2021-09-24 17:13:36,34.7911,114.3483,294.24,99,100,5.26
422,Agua Verde,MX,2021-09-24 17:13:36,22.9,-106.05,303.73,68,6,1.0
423,Kurumoch,RU,2021-09-24 17:13:36,53.4896,50.0375,281.58,87,100,4.0
424,Gaya,IN,2021-09-24 17:09:39,24.7833,85.0,300.1,94,75,1.54
425,Empangeni,ZA,2021-09-24 17:13:37,-28.762,31.8933,291.92,86,74,1.94
426,Badamdar,AZ,2021-09-24 17:13:37,40.3394,49.8039,291.12,76,73,16.26
427,Kingsport,US,2021-09-24 17:13:38,36.5484,-82.5618,294.33,56,20,0.45
428,Siocon,PH,2021-09-24 17:13:38,7.7061,122.1353,299.66,85,98,1.66
429,Tessalit,ML,2021-09-24 17:13:38,20.1986,1.0114,312.77,8,7,5.05
430,Calama,CL,2021-09-24 17:13:38,-22.4667,-68.9333,298.75,9,0,8.57
431,Tisul,RU,2021-09-24 17:13:39,55.7611,88.3122,274.34,87,100,4.5
432,Taoudenni,ML,2021-09-24 17:13:39,22.6783,-3.9836,316.33,8,6,1.94
433,Manokwari,ID,2021-09-24 17:13:39,-0.8667,134.0833,299.4,73,100,0.93
434,Vanavara,RU,2021-09-24 17:13:40,60.34,102.2797,271.48,75,35,0.69
435,Aswan,EG,2021-09-24 17:13:40,24.0934,32.907,307.35,19,3,7.24
436,College,US,2021-09-24 17:09:50,64.8569,-147.8028,273.47,91,90,3.6
437,Buxar,IN,2021-09-24 17:13:41,25.5833,83.9833,301.82,71,75,2.3
438,Sault Sainte Marie,CA,2021-09-24 17:13:20,46.5168,-84.3333,288.09,67,20,5.66
439,Sao Raimundo Das Mangabeiras,BR,2021-09-24 17:13:41,-7.0219,-45.4811,312.35,20,27,4.18
440,Vianopolis,BR,2021-09-24 17:13:41,-16.7419,-48.5164,308.2,16,1,2.41
441,Samarai,PG,2021-09-24 17:13:42,-10.6167,150.6667,298.72,87,59,4.45
442,Portland,US,2021-09-24 17:11:31,45.5234,-122.6762,297.85,65,1,0.89
443,Olinda,BR,2021-09-24 17:13:42,-8.0089,-34.8553,301.0,61,40,6.17
444,Sioux Lookout,CA,2021-09-24 17:13:42,50.1001,-91.917,286.51,47,100,4.85
445,Kenai,US,2021-09-24 17:13:43,60.5544,-151.2583,276.56,97,90,2.06
446,Salinas,US,2021-09-24 17:09:31,36.6777,-121.6555,298.73,80,90,1.54
447,Smithers,CA,2021-09-24 17:13:43,54.7804,-127.1743,283.28,93,99,1.93
448,Kirakira,SB,2021-09-24 17:13:43,-10.4544,161.9205,298.54,86,43,3.11
449,Sabang,ID,2021-09-24 17:13:44,5.8933,95.3214,301.5,74,35,5.31
450,Danielskuil,ZA,2021-09-24 17:13:44,-28.1887,23.5395,295.8,18,17,3.54
451,Griffith,US,2021-09-24 17:13:45,41.5284,-87.4237,297.2,42,1,0.45
452,Mezhova,UA,2021-09-24 17:13:45,48.2532,36.7347,281.93,86,100,6.51
453,Coquimbo,CL,2021-09-24 17:13:45,-29.9533,-71.3436,288.0,77,75,5.66
454,Martapura,ID,2021-09-24 17:13:46,-3.4167,114.85,297.2,100,90,1.03
455,Alberton,CA,2021-09-24 17:13:46,46.8168,-64.0654,291.23,83,76,1.55
456,Tynne,UA,2021-09-24 17:13:47,50.6015,26.1849,284.12,80,82,7.84
457,Turinsk,RU,2021-09-24 17:13:47,58.0458,63.696,279.22,77,61,1.37
458,Pingliang,CN,2021-09-24 17:13:47,35.5392,106.6861,288.86,92,99,0.89
459,Aripuana,BR,2021-09-24 17:13:48,-9.1667,-60.6333,311.54,28,41,0.61
460,Viedma,AR,2021-09-24 17:13:48,-40.8135,-62.9967,299.29,23,0,8.3
461,Perivolion,GR,2021-09-24 17:13:48,39.4206,20.0147,294.9,54,1,2.92
462,Misasi,TZ,2021-09-24 17:13:49,-3.0,33.0833,299.33,39,99,4.63
463,Norrtalje,SE,2021-09-24 17:13:49,59.758,18.705,283.16,92,100,1.91
464,Silver City,US,2021-09-24 17:13:49,32.7701,-108.2803,294.64,51,1,2.24
465,Olafsvik,IS,2021-09-24 17:13:50,64.8945,-23.7142,279.99,64,80,7.3
466,Bowen,AU,2021-09-24 17:13:50,-20.0167,148.2333,290.93,87,4,3.54
467,Mogadishu,SO,2021-09-24 17:13:51,2.0371,45.3438,298.48,83,76,8.0
468,Ouango,CF,2021-09-24 17:13:51,4.3133,22.5552,293.78,97,99,0.56
469,Dubbo,AU,2021-09-24 17:13:51,-32.25,148.6167,280.22,76,11,1.03
470,Ballina,AU,2021-09-24 17:13:52,-28.8667,153.5667,288.58,69,0,2.75
471,Tabatinga,BR,2021-09-24 17:13:52,-4.2525,-69.9381,303.2,74,75,2.06
472,Zeya,RU,2021-09-24 17:13:52,53.75,127.2667,284.34,99,97,1.05
473,Carupano,VE,2021-09-24 17:13:53,10.6678,-63.2585,304.6,60,1,5.09
474,Comodoro Rivadavia,AR,2021-09-24 17:09:38,-45.8667,-67.5,299.07,24,0,9.26
475,Road Town,VG,2021-09-24 17:13:53,18.4167,-64.6167,305.17,66,20,3.09
476,Cairns,AU,2021-09-24 17:13:54,-16.9167,145.7667,295.12,81,90,3.6
477,Chara,RU,2021-09-24 17:13:54,56.9064,118.2631,275.45,80,56,0.21
478,Flin Flon,CA,2021-09-24 17:13:54,54.7682,-101.865,280.51,86,100,5.82
479,Hornepayne,CA,2021-09-24 17:13:54,49.2138,-84.7705,280.87,72,100,2.01
480,Chicama,PE,2021-09-24 17:13:55,-7.8447,-79.1469,296.96,58,50,4.21
481,Zhanakorgan,KZ,2021-09-24 17:13:55,43.9098,67.2495,292.43,19,1,4.28
482,Deputatskiy,RU,2021-09-24 17:13:56,69.3,139.9,269.28,88,56,2.14
483,Corinto,GR,2021-09-24 17:13:56,37.9407,22.9573,295.79,49,2,0.81
484,Anloga,GH,2021-09-24 17:13:57,5.7947,0.8973,300.3,78,51,6.26
485,Dalbandin,PK,2021-09-24 17:13:57,28.8947,64.4101,302.37,8,0,0.62
486,Havoysund,NO,2021-09-24 17:13:57,70.9963,24.6622,283.28,81,96,7.7
487,Vaitape,PF,2021-09-24 17:13:58,-16.5167,-151.75,297.77,64,48,2.65
488,Tanout,NE,2021-09-24 17:13:58,14.9709,8.8879,309.64,15,36,4.52
489,Ekhabi,RU,2021-09-24 17:13:59,53.5102,142.9671,278.57,88,0,1.8
490,Ponta Do Sol,PT,2021-09-24 17:13:59,32.6667,-17.1,297.11,73,58,1.34
491,Lata,PT,2021-09-24 17:14:00,40.1629,-8.3327,295.41,58,46,1.54
492,Remontnoye,RU,2021-09-24 17:14:00,46.5614,43.6501,284.38,80,67,3.45
493,Belmonte,BR,2021-09-24 17:14:01,-15.8631,-38.8828,296.43,58,59,4.46
494,Amlagora,IN,2021-09-24 17:14:01,22.8333,87.3333,299.68,84,68,2.54
495,Kendari,ID,2021-09-24 17:14:01,-3.945,122.4989,296.44,92,61,0.95
496,Poum,NC,2021-09-24 17:14:01,-20.2333,164.0167,295.08,70,100,7.12
497,Mossendjo,CG,2021-09-24 17:14:02,-2.9506,12.7261,297.73,77,90,0.94
498,Conceicao Do Castelo,BR,2021-09-24 17:14:02,-20.3683,-41.2439,300.35,34,8,0.4
499,Healesville,AU,2021-09-24 17:14:03,-37.65,145.5167,282.16,88,87,0.45
500,Snezhnogorsk,RU,2021-09-24 17:14:03,69.1933,33.2531,281.03,87,100,6.13
501,Fort Saint James,CA,2021-09-24 17:14:03,54.4333,-124.25,281.97,94,100,1.72
502,Koutiala,ML,2021-09-24 17:14:04,12.3917,-5.4642,306.43,49,95,1.03
503,Ajdabiya,LY,2021-09-24 17:14:04,30.7554,20.2263,296.99,56,0,7.88
504,Charlestown,AU,2021-09-24 17:14:04,-32.95,151.6667,290.43,58,1,3.7
505,Rabo De Peixe,PT,2021-09-24 17:14:05,37.8,-25.5833,294.88,64,40,4.12
506,Parrita,CR,2021-09-24 17:14:05,9.5201,-84.3225,307.07,80,97,1.87
507,Pori,FI,2021-09-24 17:14:05,61.4833,21.7833,281.19,93,90,4.63
508,Gondanglegi,ID,2021-09-24 17:14:06,-7.7479,112.0132,297.17,89,54,4.03
509,Sistranda,NO,2021-09-24 17:14:06,63.7256,8.834,284.76,79,95,14.95
510,Sorland,NO,2021-09-24 17:14:06,67.667,12.6934,282.07,72,100,5.47
511,Ushtobe,KZ,2021-09-24 17:14:07,45.2514,77.9838,282.03,32,0,7.14
512,Vadu Pasii,RO,2021-09-24 17:14:07,45.1667,26.9,289.7,53,100,6.52
513,Rawah,IQ,2021-09-24 17:14:08,34.4816,41.9093,300.23,35,1,0.6
514,Itarema,BR,2021-09-24 17:14:08,-2.9248,-39.9167,304.45,55,9,9.03
515,Zakamensk,RU,2021-09-24 17:14:08,50.3741,103.2863,278.79,89,64,1.76
516,Manavalakurichi,IN,2021-09-24 17:14:09,8.1333,77.3,301.2,85,100,5.99
517,Tucurui,BR,2021-09-24 17:14:09,-3.7661,-49.6725,308.68,35,91,2.66
518,Eskisehir,TR,2021-09-24 17:14:09,39.7767,30.5206,286.1,58,0,2.57
519,Pasighat,IN,2021-09-24 17:14:10,28.0667,95.3333,298.55,83,8,1.71
520,Ossora,RU,2021-09-24 17:14:10,59.2353,163.0719,277.95,79,10,1.77
521,Hauterive,FR,2021-09-24 17:14:11,46.0901,3.4459,297.57,69,0,2.11
522,Geraldton,AU,2021-09-24 17:14:11,-28.7667,114.6,286.38,76,21,5.66
523,Cordoba,AR,2021-09-24 17:12:10,-31.4135,-64.1811,300.61,29,0,2.68
524,Morondava,MG,2021-09-24 17:14:11,-20.2833,44.2833,297.37,83,8,5.19
525,Qaqortoq,GL,2021-09-24 17:14:12,60.7167,-46.0333,276.43,48,2,0.95
526,Krasnovishersk,RU,2021-09-24 17:14:12,60.4078,57.082,279.47,91,99,1.7
527,Wanaka,NZ,2021-09-24 17:14:12,-44.7,169.15,281.54,92,100,0.89
528,Pontianak,ID,2021-09-24 17:14:13,-0.0333,109.3333,296.14,94,40,1.54
529,Champerico,GT,2021-09-24 17:14:13,14.3,-91.9167,304.68,71,96,1.57
530,Muyezerskiy,RU,2021-09-24 17:14:13,63.9333,31.65,280.29,98,97,2.11
531,Weinan,CN,2021-09-24 17:14:14,34.5036,109.5089,292.83,99,100,1.17
532,Egersund,NO,2021-09-24 17:14:14,58.4513,5.9997,287.43,92,91,9.57
533,Lucea,JM,2021-09-24 17:14:14,18.451,-78.1736,303.07,73,43,2.56
534,Baykit,RU,2021-09-24 17:14:15,61.67,96.37,273.31,96,100,0.96
535,Montes Altos,BR,2021-09-24 17:14:15,-5.8333,-47.0667,308.33,30,56,3.88
536,Keighley,GB,2021-09-24 17:14:16,53.8679,-1.9066,292.9,88,75,7.2
537,Lagoa,PT,2021-09-24 17:14:16,39.05,-27.9833,294.42,72,46,6.78
538,Camacha,PT,2021-09-24 17:14:16,33.0833,-16.3333,295.83,57,20,4.12
539,Caravelas,BR,2021-09-24 17:14:17,-17.7125,-39.2481,297.95,51,51,3.9
540,Shingu,JP,2021-09-24 17:14:17,33.7333,135.9833,295.88,86,99,2.14
541,Namatanai,PG,2021-09-24 17:14:17,-3.6667,152.4333,298.92,81,36,2.67
542,Mareeba,AU,2021-09-24 17:14:18,-17.0,145.4333,292.55,91,46,0.9
543,Wanning,CN,2021-09-24 17:14:18,18.8003,110.3967,299.4,88,100,2.58
544,La Paz,BO,2021-09-24 17:14:19,-16.5,-68.15,289.14,38,40,4.12
545,Coahuayana,MX,2021-09-24 17:14:19,18.7333,-103.6833,304.71,62,82,1.15
546,Boa Vista,BR,2021-09-24 17:13:01,2.8197,-60.6733,307.14,46,75,4.63
547,Puerto Penasco,MX,2021-09-24 17:09:35,31.3167,-113.5333,301.99,70,98,6.26
548,Carolina,PR,2021-09-24 17:13:24,18.3808,-65.9574,307.44,63,40,5.66
549,Smiths Falls,CA,2021-09-24 17:14:19,44.9001,-76.0161,290.18,86,99,5.41
550,Alice Springs,AU,2021-09-24 17:14:20,-23.7,133.8833,285.9,26,27,0.0
551,Iroquois Falls,CA,2021-09-24 17:14:20,48.7669,-80.6831,282.23,95,100,3.37
552,Grand Forks,US,2021-09-24 17:14:20,47.9417,-97.4337,289.11,31,40,9.77
553,Spasskoye,RU,2021-09-24 17:14:21,44.6108,132.7969,282.28,84,33,1.51
554,Elmadag,TR,2021-09-24 17:14:21,39.9208,33.2308,285.56,45,34,3.11
555,Willowmore,ZA,2021-09-24 17:14:22,-33.2926,23.4895,293.56,25,34,1.92
556,Nemuro,JP,2021-09-24 17:14:22,43.3236,145.575,283.94,82,1,4.27
557,Lircay,PE,2021-09-24 17:14:22,-12.9896,-74.7205,285.59,57,92,2.94
558,Gainsborough,GB,2021-09-24 17:14:23,53.3833,-0.7667,295.12,73,75,5.14
559,Ambilobe,MG,2021-09-24 17:14:23,-13.2,49.05,295.95,79,4,0.34
